<BackupInst xmlns="http://www.microsoft.com/GroupPolicy/GPOOperations/Manifest"><GPOGuid><![CDATA[{2F9159A7-CDD4-4891-BCBB-79232B2778BF}]]></GPOGuid><GPODomain><![CDATA[security.local]]></GPODomain><GPODomainGuid><![CDATA[{1aa99723-c6bc-446c-aa05-83ce7e927986}]]></GPODomainGuid><GPODomainController><![CDATA[DC-SEC-01.security.local]]></GPODomainController><BackupTime><![CDATA[2018-04-06T19:40:25]]></BackupTime><ID><![CDATA[{3C537678-BBC4-4F10-AACE-5D44C468CC6C}]]></ID><Comment><![CDATA[]]></Comment><GPODisplayName><![CDATA[MSFT Windows 10 RS4 - Computer]]></GPODisplayName></BackupInst>
