<BackupInst xmlns="http://www.microsoft.com/GroupPolicy/GPOOperations/Manifest"><GPOGuid><![CDATA[{1D0386B8-0F5B-4698-AF02-CAE2E52A4592}]]></GPOGuid><GPODomain><![CDATA[security.local]]></GPODomain><GPODomainGuid><![CDATA[{1aa99723-c6bc-446c-aa05-83ce7e927986}]]></GPODomainGuid><GPODomainController><![CDATA[DC-SEC-01.security.local]]></GPODomainController><BackupTime><![CDATA[2018-04-06T19:40:24]]></BackupTime><ID><![CDATA[{BEEC0E5D-EEDC-44BC-9D28-41693B3CE82A}]]></ID><Comment><![CDATA[]]></Comment><GPODisplayName><![CDATA[MSFT Windows 10 and Server 2016 - Domain Security]]></GPODisplayName></BackupInst>
