<BackupInst xmlns="http://www.microsoft.com/GroupPolicy/GPOOperations/Manifest"><GPOGuid><![CDATA[{81016E18-6CCB-4009-B43A-08BB7D120B05}]]></GPOGuid><GPODomain><![CDATA[Security.local]]></GPODomain><GPODomainGuid><![CDATA[{c16481a2-46d3-4bce-896c-4ad33f630901}]]></GPODomainGuid><GPODomainController><![CDATA[DC-SEC-01.Security.local]]></GPODomainController><BackupTime><![CDATA[2016-10-06T17:31:34]]></BackupTime><ID><![CDATA[{1D2C9D38-6BB1-4C90-B5EB-2850EA18AE06}]]></ID><Comment><![CDATA[]]></Comment><GPODisplayName><![CDATA[SCM Windows 10 and Server 2016 - Domain Security]]></GPODisplayName></BackupInst>
