<BackupInst xmlns="http://www.microsoft.com/GroupPolicy/GPOOperations/Manifest"><GPOGuid><![CDATA[{508FC842-BB2F-4E9A-95DE-0621A2E47D7B}]]></GPOGuid><GPODomain><![CDATA[security.local]]></GPODomain><GPODomainGuid><![CDATA[{1aa99723-c6bc-446c-aa05-83ce7e927986}]]></GPODomainGuid><GPODomainController><![CDATA[DC-SEC-01.security.local]]></GPODomainController><BackupTime><![CDATA[2017-08-29T14:55:42]]></BackupTime><ID><![CDATA[{E8FD826A-6FD1-4569-82E5-E58B99201C4B}]]></ID><Comment><![CDATA[]]></Comment><GPODisplayName><![CDATA[MSFT Windows 10 RS2 - BitLocker]]></GPODisplayName></BackupInst>
