<BackupInst xmlns="http://www.microsoft.com/GroupPolicy/GPOOperations/Manifest"><GPOGuid><![CDATA[{1D0386B8-0F5B-4698-AF02-CAE2E52A4592}]]></GPOGuid><GPODomain><![CDATA[security.local]]></GPODomain><GPODomainGuid><![CDATA[{1aa99723-c6bc-446c-aa05-83ce7e927986}]]></GPODomainGuid><GPODomainController><![CDATA[DC-SEC-01.security.local]]></GPODomainController><BackupTime><![CDATA[2017-08-29T14:55:42]]></BackupTime><ID><![CDATA[{5DB0C00C-2887-4FE3-B629-0F0017C5EFEA}]]></ID><Comment><![CDATA[]]></Comment><GPODisplayName><![CDATA[MSFT Windows 10 and Server 2016 - Domain Security]]></GPODisplayName></BackupInst>
