<BackupInst xmlns="http://www.microsoft.com/GroupPolicy/GPOOperations/Manifest"><GPOGuid><![CDATA[{FFDE8540-331A-4BBE-957F-96D729703359}]]></GPOGuid><GPODomain><![CDATA[Security.local]]></GPODomain><GPODomainGuid><![CDATA[{c16481a2-46d3-4bce-896c-4ad33f630901}]]></GPODomainGuid><GPODomainController><![CDATA[DC-SEC-01.Security.local]]></GPODomainController><BackupTime><![CDATA[2016-01-15T14:25:33]]></BackupTime><ID><![CDATA[{ECC0D7EA-E14E-4864-BD27-3CFCA978856D}]]></ID><Comment><![CDATA[]]></Comment><GPODisplayName><![CDATA[SCM Internet Explorer - Computer]]></GPODisplayName></BackupInst>
