<Backups xmlns="http://www.microsoft.com/GroupPolicy/GPOOperations/Manifest" xmlns:mfst="http://www.microsoft.com/GroupPolicy/GPOOperations/Manifest" mfst:version="1.0"><BackupInst><GPOGuid><![CDATA[{12F14E25-AEB3-45A6-A603-E7EA5500D4A8}]]></GPOGuid><GPODomain><![CDATA[Security.local]]></GPODomain><GPODomainGuid><![CDATA[{c16481a2-46d3-4bce-896c-4ad33f630901}]]></GPODomainGuid><GPODomainController><![CDATA[DC-SEC-01.Security.local]]></GPODomainController><BackupTime><![CDATA[2016-01-15T14:25:39]]></BackupTime><ID><![CDATA[{70A988A4-12B5-421B-9BAF-DDA7A5E756EF}]]></ID><Comment><![CDATA[]]></Comment><GPODisplayName><![CDATA[SCM Windows 10 - User]]></GPODisplayName></BackupInst><BackupInst><GPOGuid><![CDATA[{81016E18-6CCB-4009-B43A-08BB7D120B05}]]></GPOGuid><GPODomain><![CDATA[Security.local]]></GPODomain><GPODomainGuid><![CDATA[{c16481a2-46d3-4bce-896c-4ad33f630901}]]></GPODomainGuid><GPODomainController><![CDATA[DC-SEC-01.Security.local]]></GPODomainController><BackupTime><![CDATA[2016-01-15T14:25:38]]></BackupTime><ID><![CDATA[{F58249C0-0E49-42E0-B624-E1AA44F076FB}]]></ID><Comment><![CDATA[]]></Comment><GPODisplayName><![CDATA[SCM Windows 10 - Domain Security]]></GPODisplayName></BackupInst><BackupInst><GPOGuid><![CDATA[{BD4270E0-264A-4E74-812E-CB1F437A8088}]]></GPOGuid><GPODomain><![CDATA[Security.local]]></GPODomain><GPODomainGuid><![CDATA[{c16481a2-46d3-4bce-896c-4ad33f630901}]]></GPODomainGuid><GPODomainController><![CDATA[DC-SEC-01.Security.local]]></GPODomainController><BackupTime><![CDATA[2016-01-15T14:25:38]]></BackupTime><ID><![CDATA[{CA6D6E59-BBC3-45E2-B007-4035CEE1BC24}]]></ID><Comment><![CDATA[]]></Comment><GPODisplayName><![CDATA[SCM Windows 10 - Credential Guard]]></GPODisplayName></BackupInst><BackupInst><GPOGuid><![CDATA[{B08516EA-200C-4586-92EE-611F6E9200F2}]]></GPOGuid><GPODomain><![CDATA[Security.local]]></GPODomain><GPODomainGuid><![CDATA[{c16481a2-46d3-4bce-896c-4ad33f630901}]]></GPODomainGuid><GPODomainController><![CDATA[DC-SEC-01.Security.local]]></GPODomainController><BackupTime><![CDATA[2016-01-15T14:25:38]]></BackupTime><ID><![CDATA[{1C157558-CDB0-4262-8E61-B2663E0A61AD}]]></ID><Comment><![CDATA[]]></Comment><GPODisplayName><![CDATA[SCM Windows 10 - Computer]]></GPODisplayName></BackupInst><BackupInst><GPOGuid><![CDATA[{927A3B4E-8582-4308-B520-9A084941F23F}]]></GPOGuid><GPODomain><![CDATA[Security.local]]></GPODomain><GPODomainGuid><![CDATA[{c16481a2-46d3-4bce-896c-4ad33f630901}]]></GPODomainGuid><GPODomainController><![CDATA[DC-SEC-01.Security.local]]></GPODomainController><BackupTime><![CDATA[2016-01-15T14:25:38]]></BackupTime><ID><![CDATA[{0F92BBDA-D5F1-44C3-BCFA-DAD3D7ED085E}]]></ID><Comment><![CDATA[]]></Comment><GPODisplayName><![CDATA[SCM Windows 10 - BitLocker]]></GPODisplayName></BackupInst><BackupInst><GPOGuid><![CDATA[{DC92BC89-A6CF-4210-9E43-B1B708B21277}]]></GPOGuid><GPODomain><![CDATA[Security.local]]></GPODomain><GPODomainGuid><![CDATA[{c16481a2-46d3-4bce-896c-4ad33f630901}]]></GPODomainGuid><GPODomainController><![CDATA[DC-SEC-01.Security.local]]></GPODomainController><BackupTime><![CDATA[2016-01-15T14:25:37]]></BackupTime><ID><![CDATA[{8FC3CF46-B49B-43EE-9562-A622B51E9199}]]></ID><Comment><![CDATA[]]></Comment><GPODisplayName><![CDATA[SCM Internet Explorer - User]]></GPODisplayName></BackupInst><BackupInst><GPOGuid><![CDATA[{FFDE8540-331A-4BBE-957F-96D729703359}]]></GPOGuid><GPODomain><![CDATA[Security.local]]></GPODomain><GPODomainGuid><![CDATA[{c16481a2-46d3-4bce-896c-4ad33f630901}]]></GPODomainGuid><GPODomainController><![CDATA[DC-SEC-01.Security.local]]></GPODomainController><BackupTime><![CDATA[2016-01-15T14:25:33]]></BackupTime><ID><![CDATA[{ECC0D7EA-E14E-4864-BD27-3CFCA978856D}]]></ID><Comment><![CDATA[]]></Comment><GPODisplayName><![CDATA[SCM Internet Explorer - Computer]]></GPODisplayName></BackupInst></Backups>