<Backups xmlns="http://www.microsoft.com/GroupPolicy/GPOOperations/Manifest" xmlns:mfst="http://www.microsoft.com/GroupPolicy/GPOOperations/Manifest" mfst:version="1.0"><BackupInst><GPOGuid><![CDATA[{AA25E0E9-40BC-4D4C-8FE7-D3B82358B8E0}]]></GPOGuid><GPODomain><![CDATA[Security.local]]></GPODomain><GPODomainGuid><![CDATA[{c16481a2-46d3-4bce-896c-4ad33f630901}]]></GPODomainGuid><GPODomainController><![CDATA[DC-SEC-01.Security.local]]></GPODomainController><BackupTime><![CDATA[2016-10-06T17:31:35]]></BackupTime><ID><![CDATA[{9C87270F-7704-41D9-A76D-C8B9ADB1794A}]]></ID><Comment><![CDATA[]]></Comment><GPODisplayName><![CDATA[SCM Windows Server 2016 - Member Server Baseline - User]]></GPODisplayName></BackupInst><BackupInst><GPOGuid><![CDATA[{B9089292-4897-4AFC-8D31-E8A2FE36A29E}]]></GPOGuid><GPODomain><![CDATA[Security.local]]></GPODomain><GPODomainGuid><![CDATA[{c16481a2-46d3-4bce-896c-4ad33f630901}]]></GPODomainGuid><GPODomainController><![CDATA[DC-SEC-01.Security.local]]></GPODomainController><BackupTime><![CDATA[2016-10-06T17:31:35]]></BackupTime><ID><![CDATA[{088E04EC-440C-48CB-A8D7-A89D0162FBFB}]]></ID><Comment><![CDATA[]]></Comment><GPODisplayName><![CDATA[SCM Windows Server 2016 - Member Server Baseline - Computer]]></GPODisplayName></BackupInst><BackupInst><GPOGuid><![CDATA[{9D437703-F551-4E1E-9B4C-E6480DCA6154}]]></GPOGuid><GPODomain><![CDATA[Security.local]]></GPODomain><GPODomainGuid><![CDATA[{c16481a2-46d3-4bce-896c-4ad33f630901}]]></GPODomainGuid><GPODomainController><![CDATA[DC-SEC-01.Security.local]]></GPODomainController><BackupTime><![CDATA[2016-10-06T17:31:35]]></BackupTime><ID><![CDATA[{37BBB33A-A159-427D-AD58-67B1BE126AD6}]]></ID><Comment><![CDATA[]]></Comment><GPODisplayName><![CDATA[SCM Windows Server 2016 - Domain Controller Baseline]]></GPODisplayName></BackupInst><BackupInst><GPOGuid><![CDATA[{12F14E25-AEB3-45A6-A603-E7EA5500D4A8}]]></GPOGuid><GPODomain><![CDATA[Security.local]]></GPODomain><GPODomainGuid><![CDATA[{c16481a2-46d3-4bce-896c-4ad33f630901}]]></GPODomainGuid><GPODomainController><![CDATA[DC-SEC-01.Security.local]]></GPODomainController><BackupTime><![CDATA[2016-10-06T17:31:35]]></BackupTime><ID><![CDATA[{EB965378-F079-41EE-AF63-54900D1D771C}]]></ID><Comment><![CDATA[]]></Comment><GPODisplayName><![CDATA[SCM Windows 10 RS1 - User]]></GPODisplayName></BackupInst><BackupInst><GPOGuid><![CDATA[{95CCA86E-134B-4CBA-BB05-2A55F89CECEC}]]></GPOGuid><GPODomain><![CDATA[Security.local]]></GPODomain><GPODomainGuid><![CDATA[{c16481a2-46d3-4bce-896c-4ad33f630901}]]></GPODomainGuid><GPODomainController><![CDATA[DC-SEC-01.Security.local]]></GPODomainController><BackupTime><![CDATA[2016-10-06T17:31:35]]></BackupTime><ID><![CDATA[{F6584239-28E8-4F44-B860-08FEDD241565}]]></ID><Comment><![CDATA[]]></Comment><GPODisplayName><![CDATA[SCM Windows 10 RS1 - Computer]]></GPODisplayName></BackupInst><BackupInst><GPOGuid><![CDATA[{927A3B4E-8582-4308-B520-9A084941F23F}]]></GPOGuid><GPODomain><![CDATA[Security.local]]></GPODomain><GPODomainGuid><![CDATA[{c16481a2-46d3-4bce-896c-4ad33f630901}]]></GPODomainGuid><GPODomainController><![CDATA[DC-SEC-01.Security.local]]></GPODomainController><BackupTime><![CDATA[2016-10-06T17:31:34]]></BackupTime><ID><![CDATA[{23D00834-1B40-4F45-A461-8F833529994C}]]></ID><Comment><![CDATA[]]></Comment><GPODisplayName><![CDATA[SCM Windows 10 RS1 - BitLocker]]></GPODisplayName></BackupInst><BackupInst><GPOGuid><![CDATA[{81016E18-6CCB-4009-B43A-08BB7D120B05}]]></GPOGuid><GPODomain><![CDATA[Security.local]]></GPODomain><GPODomainGuid><![CDATA[{c16481a2-46d3-4bce-896c-4ad33f630901}]]></GPODomainGuid><GPODomainController><![CDATA[DC-SEC-01.Security.local]]></GPODomainController><BackupTime><![CDATA[2016-10-06T17:31:34]]></BackupTime><ID><![CDATA[{1D2C9D38-6BB1-4C90-B5EB-2850EA18AE06}]]></ID><Comment><![CDATA[]]></Comment><GPODisplayName><![CDATA[SCM Windows 10 and Server 2016 - Domain Security]]></GPODisplayName></BackupInst><BackupInst><GPOGuid><![CDATA[{E4347697-F22C-4600-9C28-089CC391D3DD}]]></GPOGuid><GPODomain><![CDATA[Security.local]]></GPODomain><GPODomainGuid><![CDATA[{c16481a2-46d3-4bce-896c-4ad33f630901}]]></GPODomainGuid><GPODomainController><![CDATA[DC-SEC-01.Security.local]]></GPODomainController><BackupTime><![CDATA[2016-10-06T17:31:34]]></BackupTime><ID><![CDATA[{4095647A-14FE-4CE4-955A-F2311B0D62D1}]]></ID><Comment><![CDATA[]]></Comment><GPODisplayName><![CDATA[SCM Windows 10 and Server 2016 - Defender]]></GPODisplayName></BackupInst><BackupInst><GPOGuid><![CDATA[{BD4270E0-264A-4E74-812E-CB1F437A8088}]]></GPOGuid><GPODomain><![CDATA[Security.local]]></GPODomain><GPODomainGuid><![CDATA[{c16481a2-46d3-4bce-896c-4ad33f630901}]]></GPODomainGuid><GPODomainController><![CDATA[DC-SEC-01.Security.local]]></GPODomainController><BackupTime><![CDATA[2016-10-06T17:31:34]]></BackupTime><ID><![CDATA[{714FD77E-8FDD-4CB0-B3F7-FF49815473FF}]]></ID><Comment><![CDATA[]]></Comment><GPODisplayName><![CDATA[SCM Windows 10 and Server 2016 - Credential Guard]]></GPODisplayName></BackupInst><BackupInst><GPOGuid><![CDATA[{DC92BC89-A6CF-4210-9E43-B1B708B21277}]]></GPOGuid><GPODomain><![CDATA[Security.local]]></GPODomain><GPODomainGuid><![CDATA[{c16481a2-46d3-4bce-896c-4ad33f630901}]]></GPODomainGuid><GPODomainController><![CDATA[DC-SEC-01.Security.local]]></GPODomainController><BackupTime><![CDATA[2016-10-06T17:31:34]]></BackupTime><ID><![CDATA[{B0AA555D-B555-4832-9BA6-2D5A973A7B92}]]></ID><Comment><![CDATA[]]></Comment><GPODisplayName><![CDATA[SCM Internet Explorer 11 - User]]></GPODisplayName></BackupInst><BackupInst><GPOGuid><![CDATA[{FFDE8540-331A-4BBE-957F-96D729703359}]]></GPOGuid><GPODomain><![CDATA[Security.local]]></GPODomain><GPODomainGuid><![CDATA[{c16481a2-46d3-4bce-896c-4ad33f630901}]]></GPODomainGuid><GPODomainController><![CDATA[DC-SEC-01.Security.local]]></GPODomainController><BackupTime><![CDATA[2016-10-06T17:31:31]]></BackupTime><ID><![CDATA[{07177AF8-97DF-407D-89A6-C875CD1784BC}]]></ID><Comment><![CDATA[]]></Comment><GPODisplayName><![CDATA[SCM Internet Explorer 11 - Computer]]></GPODisplayName></BackupInst></Backups>