<BackupInst xmlns="http://www.microsoft.com/GroupPolicy/GPOOperations/Manifest"><GPOGuid><![CDATA[{51B22E60-3932-4AB8-8443-38C700F33A1A}]]></GPOGuid><GPODomain><![CDATA[SECGUIDE.local]]></GPODomain><GPODomainGuid><![CDATA[{5e518068-848e-4a8d-83b7-f608c70b4110}]]></GPODomainGuid><GPODomainController><![CDATA[WIN-V7V60UV0B9E.SECGUIDE.local]]></GPODomainController><BackupTime><![CDATA[2014-09-02T15:19:34]]></BackupTime><ID><![CDATA[{631572F1-2CE9-481D-8FAB-A1553A4DBD56}]]></ID><Comment><![CDATA[]]></Comment><GPODisplayName><![CDATA[MSFT Windows Server 2012 R2 Domain Controller Baseline]]></GPODisplayName></BackupInst>
