<BackupInst xmlns="http://www.microsoft.com/GroupPolicy/GPOOperations/Manifest"><GPOGuid><![CDATA[{25AE1E1D-ED23-40F3-B71F-29B2BD9BB85C}]]></GPOGuid><GPODomain><![CDATA[security.local]]></GPODomain><GPODomainGuid><![CDATA[{1aa99723-c6bc-446c-aa05-83ce7e927986}]]></GPODomainGuid><GPODomainController><![CDATA[DC-SEC-01.security.local]]></GPODomainController><BackupTime><![CDATA[2017-08-29T14:55:42]]></BackupTime><ID><![CDATA[{DF590710-7822-4488-8142-413F4D8AECA1}]]></ID><Comment><![CDATA[]]></Comment><GPODisplayName><![CDATA[MSFT Windows 10 and Server 2016 - Defender]]></GPODisplayName></BackupInst>
