<BackupInst xmlns="http://www.microsoft.com/GroupPolicy/GPOOperations/Manifest"><GPOGuid><![CDATA[{C508264F-3C40-47A1-909E-A6871D225A00}]]></GPOGuid><GPODomain><![CDATA[seclab.local]]></GPODomain><GPODomainGuid><![CDATA[{889c22d9-cf3e-47ef-9ecc-6812e7b4a246}]]></GPODomainGuid><GPODomainController><![CDATA[DC1.seclab.local]]></GPODomainController><BackupTime><![CDATA[2019-08-18T02:43:27]]></BackupTime><ID><![CDATA[{986EC044-5A03-4940-B890-A23B4458EC38}]]></ID><Comment><![CDATA[]]></Comment><GPODisplayName><![CDATA[MSFT Windows 10 1903 - BitLocker]]></GPODisplayName></BackupInst>
