<BackupInst xmlns="http://www.microsoft.com/GroupPolicy/GPOOperations/Manifest"><GPOGuid><![CDATA[{30E69DE4-FAFB-4F06-8E48-B49B963FABDC}]]></GPOGuid><GPODomain><![CDATA[seclab.local]]></GPODomain><GPODomainGuid><![CDATA[{889c22d9-cf3e-47ef-9ecc-6812e7b4a246}]]></GPODomainGuid><GPODomainController><![CDATA[DC1.seclab.local]]></GPODomainController><BackupTime><![CDATA[2019-08-14T02:27:50]]></BackupTime><ID><![CDATA[{F1599F2B-9878-400F-B108-7EF43DF947EF}]]></ID><Comment><![CDATA[]]></Comment><GPODisplayName><![CDATA[MSFT Windows 10 1903 and Server 1903 - Defender Antivirus]]></GPODisplayName></BackupInst>
