<BackupInst xmlns="http://www.microsoft.com/GroupPolicy/GPOOperations/Manifest"><GPOGuid><![CDATA[{25AE1E1D-ED23-40F3-B71F-29B2BD9BB85C}]]></GPOGuid><GPODomain><![CDATA[security.local]]></GPODomain><GPODomainGuid><![CDATA[{1aa99723-c6bc-446c-aa05-83ce7e927986}]]></GPODomainGuid><GPODomainController><![CDATA[DC-SEC-01.security.local]]></GPODomainController><BackupTime><![CDATA[2018-04-06T19:40:24]]></BackupTime><ID><![CDATA[{6D1D9215-0E34-4AD9-B4B9-B5ED8B8C83DA}]]></ID><Comment><![CDATA[]]></Comment><GPODisplayName><![CDATA[MSFT Windows 10 and Server 2016 - Defender Antivirus]]></GPODisplayName></BackupInst>
