<BackupInst xmlns="http://www.microsoft.com/GroupPolicy/GPOOperations/Manifest"><GPOGuid><![CDATA[{B9089292-4897-4AFC-8D31-E8A2FE36A29E}]]></GPOGuid><GPODomain><![CDATA[Security.local]]></GPODomain><GPODomainGuid><![CDATA[{c16481a2-46d3-4bce-896c-4ad33f630901}]]></GPODomainGuid><GPODomainController><![CDATA[DC-SEC-01.Security.local]]></GPODomainController><BackupTime><![CDATA[2016-10-06T17:31:35]]></BackupTime><ID><![CDATA[{088E04EC-440C-48CB-A8D7-A89D0162FBFB}]]></ID><Comment><![CDATA[]]></Comment><GPODisplayName><![CDATA[SCM Windows Server 2016 - Member Server Baseline - Computer]]></GPODisplayName></BackupInst>
