<BackupInst xmlns="http://www.microsoft.com/GroupPolicy/GPOOperations/Manifest"><GPOGuid><![CDATA[{97B1F298-B790-4AD6-A1C0-F9C71C09D98F}]]></GPOGuid><GPODomain><![CDATA[seclab.local]]></GPODomain><GPODomainGuid><![CDATA[{889c22d9-cf3e-47ef-9ecc-6812e7b4a246}]]></GPODomainGuid><GPODomainController><![CDATA[DC1.seclab.local]]></GPODomainController><BackupTime><![CDATA[2019-08-14T01:59:50]]></BackupTime><ID><![CDATA[{300CCD9B-EACE-47AE-8D4A-2334D93423A0}]]></ID><Comment><![CDATA[]]></Comment><GPODisplayName><![CDATA[MSFT Internet Explorer 11 - Computer]]></GPODisplayName></BackupInst>
