<BackupInst xmlns="http://www.microsoft.com/GroupPolicy/GPOOperations/Manifest"><GPOGuid><![CDATA[{B08516EA-200C-4586-92EE-611F6E9200F2}]]></GPOGuid><GPODomain><![CDATA[Security.local]]></GPODomain><GPODomainGuid><![CDATA[{c16481a2-46d3-4bce-896c-4ad33f630901}]]></GPODomainGuid><GPODomainController><![CDATA[DC-SEC-01.Security.local]]></GPODomainController><BackupTime><![CDATA[2016-01-15T14:25:38]]></BackupTime><ID><![CDATA[{1C157558-CDB0-4262-8E61-B2663E0A61AD}]]></ID><Comment><![CDATA[]]></Comment><GPODisplayName><![CDATA[SCM Windows 10 - Computer]]></GPODisplayName></BackupInst>
