<BackupInst xmlns="http://www.microsoft.com/GroupPolicy/GPOOperations/Manifest"><GPOGuid><![CDATA[{DC92BC89-A6CF-4210-9E43-B1B708B21277}]]></GPOGuid><GPODomain><![CDATA[Security.local]]></GPODomain><GPODomainGuid><![CDATA[{c16481a2-46d3-4bce-896c-4ad33f630901}]]></GPODomainGuid><GPODomainController><![CDATA[DC-SEC-01.Security.local]]></GPODomainController><BackupTime><![CDATA[2016-10-06T17:31:34]]></BackupTime><ID><![CDATA[{B0AA555D-B555-4832-9BA6-2D5A973A7B92}]]></ID><Comment><![CDATA[]]></Comment><GPODisplayName><![CDATA[SCM Internet Explorer 11 - User]]></GPODisplayName></BackupInst>
