<Backups xmlns="http://www.microsoft.com/GroupPolicy/GPOOperations/Manifest" xmlns:mfst="http://www.microsoft.com/GroupPolicy/GPOOperations/Manifest" mfst:version="1.0"><BackupInst><GPOGuid><![CDATA[{A39C6374-01A6-4A3C-B981-E6D2E42056FE}]]></GPOGuid><GPODomain><![CDATA[security.local]]></GPODomain><GPODomainGuid><![CDATA[{1aa99723-c6bc-446c-aa05-83ce7e927986}]]></GPODomainGuid><GPODomainController><![CDATA[DC-SEC-01.security.local]]></GPODomainController><BackupTime><![CDATA[2018-01-29T01:51:26]]></BackupTime><ID><![CDATA[{F3150A72-9C5D-4E47-A19F-BE216EF23A7F}]]></ID><Comment><![CDATA[]]></Comment><GPODisplayName><![CDATA[MSFT Office 2016 - User]]></GPODisplayName></BackupInst><BackupInst><GPOGuid><![CDATA[{4B4FC7EB-A0D6-4C07-A233-E19B9B2B7E89}]]></GPOGuid><GPODomain><![CDATA[security.local]]></GPODomain><GPODomainGuid><![CDATA[{1aa99723-c6bc-446c-aa05-83ce7e927986}]]></GPODomainGuid><GPODomainController><![CDATA[DC-SEC-01.security.local]]></GPODomainController><BackupTime><![CDATA[2018-01-29T01:51:26]]></BackupTime><ID><![CDATA[{4BBB272A-B377-44D5-A0AA-98B00295287E}]]></ID><Comment><![CDATA[]]></Comment><GPODisplayName><![CDATA[MSFT Office 2016 - Computer]]></GPODisplayName></BackupInst></Backups>