<BackupInst xmlns="http://www.microsoft.com/GroupPolicy/GPOOperations/Manifest"><GPOGuid><![CDATA[{1D0386B8-0F5B-4698-AF02-CAE2E52A4592}]]></GPOGuid><GPODomain><![CDATA[security.local]]></GPODomain><GPODomainGuid><![CDATA[{1aa99723-c6bc-446c-aa05-83ce7e927986}]]></GPODomainGuid><GPODomainController><![CDATA[DC-SEC-01.security.local]]></GPODomainController><BackupTime><![CDATA[2018-11-20T04:07:18]]></BackupTime><ID><![CDATA[{B9263530-926F-46F3-8382-832C31EC81B5}]]></ID><Comment><![CDATA[]]></Comment><GPODisplayName><![CDATA[MSFT Windows 10 1809 and Server 2019 - Domain Security]]></GPODisplayName></BackupInst>
