<BackupInst xmlns="http://www.microsoft.com/GroupPolicy/GPOOperations/Manifest"><GPOGuid><![CDATA[{56B8B726-E3D2-4D7B-8451-A8F4068148B2}]]></GPOGuid><GPODomain><![CDATA[security.local]]></GPODomain><GPODomainGuid><![CDATA[{1aa99723-c6bc-446c-aa05-83ce7e927986}]]></GPODomainGuid><GPODomainController><![CDATA[DC-SEC-01.security.local]]></GPODomainController><BackupTime><![CDATA[2017-09-22T06:12:13]]></BackupTime><ID><![CDATA[{DBBCC71D-54C4-49ED-BD2F-0748492F6CE6}]]></ID><Comment><![CDATA[]]></Comment><GPODisplayName><![CDATA[MSFT Windows 10 and Server 2016 - Credential Guard]]></GPODisplayName></BackupInst>
