<BackupInst xmlns="http://www.microsoft.com/GroupPolicy/GPOOperations/Manifest"><GPOGuid><![CDATA[{BD4270E0-264A-4E74-812E-CB1F437A8088}]]></GPOGuid><GPODomain><![CDATA[Security.local]]></GPODomain><GPODomainGuid><![CDATA[{c16481a2-46d3-4bce-896c-4ad33f630901}]]></GPODomainGuid><GPODomainController><![CDATA[DC-SEC-01.Security.local]]></GPODomainController><BackupTime><![CDATA[2016-01-22T13:26:22]]></BackupTime><ID><![CDATA[{2D2F193A-6219-4508-BE94-DCCB289FEAEB}]]></ID><Comment><![CDATA[]]></Comment><GPODisplayName><![CDATA[SCM Windows 10 - Credential Guard]]></GPODisplayName></BackupInst>
