<BackupInst xmlns="http://www.microsoft.com/GroupPolicy/GPOOperations/Manifest"><GPOGuid><![CDATA[{E911AD4D-9C89-4BE3-AE6E-269D734C2330}]]></GPOGuid><GPODomain><![CDATA[security.local]]></GPODomain><GPODomainGuid><![CDATA[{1aa99723-c6bc-446c-aa05-83ce7e927986}]]></GPODomainGuid><GPODomainController><![CDATA[DC-SEC-01.security.local]]></GPODomainController><BackupTime><![CDATA[2018-11-20T04:07:19]]></BackupTime><ID><![CDATA[{FEFBD334-CF33-4078-8829-4B00DC1D164B}]]></ID><Comment><![CDATA[]]></Comment><GPODisplayName><![CDATA[MSFT Windows Server 2019 - Domain Controller]]></GPODisplayName></BackupInst>
