<BackupInst xmlns="http://www.microsoft.com/GroupPolicy/GPOOperations/Manifest"><GPOGuid><![CDATA[{BD4270E0-264A-4E74-812E-CB1F437A8088}]]></GPOGuid><GPODomain><![CDATA[Security.local]]></GPODomain><GPODomainGuid><![CDATA[{c16481a2-46d3-4bce-896c-4ad33f630901}]]></GPODomainGuid><GPODomainController><![CDATA[DC-SEC-01.Security.local]]></GPODomainController><BackupTime><![CDATA[2016-10-06T17:31:34]]></BackupTime><ID><![CDATA[{714FD77E-8FDD-4CB0-B3F7-FF49815473FF}]]></ID><Comment><![CDATA[]]></Comment><GPODisplayName><![CDATA[SCM Windows 10 and Server 2016 - Credential Guard]]></GPODisplayName></BackupInst>
