<BackupInst xmlns="http://www.microsoft.com/GroupPolicy/GPOOperations/Manifest"><GPOGuid><![CDATA[{9306C46B-A2ED-49BD-8181-5F9719492682}]]></GPOGuid><GPODomain><![CDATA[seclab.local]]></GPODomain><GPODomainGuid><![CDATA[{889c22d9-cf3e-47ef-9ecc-6812e7b4a246}]]></GPODomainGuid><GPODomainController><![CDATA[DC1.seclab.local]]></GPODomainController><BackupTime><![CDATA[2019-08-14T02:01:31]]></BackupTime><ID><![CDATA[{05361A2E-59A3-499E-BCF5-D15374178E9F}]]></ID><Comment><![CDATA[]]></Comment><GPODisplayName><![CDATA[MSFT Windows 10 1903 and Server 1903 Member Server - Credential Guard]]></GPODisplayName></BackupInst>
