<BackupInst xmlns="http://www.microsoft.com/GroupPolicy/GPOOperations/Manifest"><GPOGuid><![CDATA[{7619CB33-AF5A-4609-858F-F1F363F87535}]]></GPOGuid><GPODomain><![CDATA[seclab.local]]></GPODomain><GPODomainGuid><![CDATA[{889c22d9-cf3e-47ef-9ecc-6812e7b4a246}]]></GPODomainGuid><GPODomainController><![CDATA[DC1.seclab.local]]></GPODomainController><BackupTime><![CDATA[2019-08-14T02:00:29]]></BackupTime><ID><![CDATA[{F1FACDB7-02EE-4075-BDE4-7C0D54E87022}]]></ID><Comment><![CDATA[]]></Comment><GPODisplayName><![CDATA[MSFT Windows 10 1903 - Computer]]></GPODisplayName></BackupInst>
